country_code,country_name,year,gdp_usd,gdp_growth_pct,debt_to_gdp_pct,inflation_pct,unemployment_pct,current_account_gdp,gdp_per_capita_usd,debt_sustainability_signal,misery_index,current_account_deficit
AR,Argentina,2000,284203750000.0,-0.78899893905691,,,15.0,-3.15992237703676,7637.01489203628,,,1
AR,Argentina,2001,268696750000.0,-4.40883968258557,,,17.32,-1.40694788500181,7141.47507662826,,,1
AR,Argentina,2002,97724004251.8602,-10.8944848285903,,,19.59,8.97078467784247,2569.69963519124,,,0
AR,Argentina,2003,127586973492.177,8.83704079576924,,,15.36,6.37990680177011,3320.47775133903,,,0
AR,Argentina,2004,164657930452.787,9.02957330068152,,,13.522,1.95058324319273,4242.02099089422,,,0
AR,Argentina,2005,198737095012.282,8.85165992013437,,,11.506,2.65363142179073,5067.65342293276,,,0
AR,Argentina,2006,232557260817.308,8.04715150043027,,,10.078,2.79449564264943,5869.38028970204,,,0
AR,Argentina,2007,287530508430.568,9.00765087504757,,,8.47,2.1036160391819,7185.25155147027,,,0
AR,Argentina,2008,361558037110.419,4.05723310346406,,,7.837,1.49940141614234,8944.1102657357,,,0
AR,Argentina,2009,332976484577.619,-5.91852507634947,,,8.645,2.1785669619099,8150.23527028221,,,0
AR,Argentina,2010,423627422092.49,10.1253981561002,,,7.714,-0.383118699737132,10260.1313108254,,,1
AR,Argentina,2011,530158122010.442,6.00395169280579,,,7.18,-1.00728084144866,12704.2831819684,,,1
AR,Argentina,2012,545982375701.128,-1.0264204544321,,,7.217,-0.39159512386959,12949.717486654,,,1
AR,Argentina,2013,552025140252.246,2.40532378079436,,,7.1,-2.37749566620572,12963.675773326,,,1
AR,Argentina,2014,526319673731.638,-2.51261532081394,,,7.268,-1.74400211981355,12233.1444119186,,,1
AR,Argentina,2015,594749285413.212,2.73115982828944,,,7.577,-2.96292666513533,13679.6264980954,,,1
AR,Argentina,2016,557532320662.955,-2.08032784377811,,,8.088,-2.70922168361454,12699.9623137756,,,1
AR,Argentina,2017,643628393281.364,2.81850297775918,,,8.347,-4.8399592180739,14532.5009308511,,,1
AR,Argentina,2018,524819892360.176,-2.61739646282038,,34.2772237131003,9.22,-5.16055257152295,11752.7998922979,,43.5,1
AR,Argentina,2019,447754683615.225,-2.00086100285785,,53.5483043492339,9.843,-0.779998447561847,9955.97478680428,,63.39,1
AR,Argentina,2020,385740508436.965,-9.9004848136464,,42.0150947376509,11.461,0.696935361136029,8535.59938004389,,53.48,0
AR,Argentina,2021,486564085480.036,10.4418119882506,,48.4093786255199,8.736,1.36154422203441,10738.0179223384,,57.15,0
AR,Argentina,2022,633993756301.08,6.02074537534855,,72.430757531824,6.805,-0.62525456692328,13962.1894087223,,79.24,1
AR,Argentina,2023,649461687959.174,-1.85578803046339,,133.488935594175,6.139,-3.1951463789585,14261.8465667948,,139.63,1
AR,Argentina,2024,638365455340.04,-1.34293072157739,,219.883929014578,7.15,0.893118418089374,13969.7836603737,,227.03,0
AR,,2025,,,,,7.145,,,,,0
BR,Brazil,2000,655448188259.351,4.38794944364869,,7.04414105947265,10.889,-4.04774157195875,3766.54786339835,,17.93,1
BR,Brazil,2001,559983704094.17,1.3898964044581,,6.84035902487523,10.649,-4.44478598177802,3176.28975052524,,17.49,1
BR,Brazil,2002,509795270685.19,3.05346185683619,,8.45016437708331,10.641,-1.84525902808169,2855.94017137049,,19.09,1
BR,Brazil,2003,558233724164.711,1.14082899877101,,14.7149197228147,11.168,0.392877198829747,3090.6068907839,,25.88,0
BR,Brazil,2004,669289321944.512,5.75996463685998,,6.59718509985963,10.072,1.33863085372603,3663.82262497811,,16.67,0
BR,Brazil,2005,891633826625.407,3.20213206216255,,6.86953720898964,10.551,1.30988468509779,4827.78165890291,,17.42,0
BR,Brazil,2006,1107626711163.23,3.96198870899485,,4.18356812896909,9.692,0.972710373980306,5934.14561857454,,13.88,0
BR,Brazil,2007,1397114247188.89,6.06987060733128,,3.64127299102652,9.28,-0.197096994827677,7409.69003822861,,12.92,1
BR,Brazil,2008,1695855391757.96,5.09419544811998,,5.67859390284168,8.268,-2.09933746626458,8908.33338467948,,13.95,1
BR,Brazil,2009,1666996294252.12,-0.12581200299141,,4.88803479876798,9.419,-1.75935802585413,8678.6584730653,,14.31,1
BR,Brazil,2010,2208838108484.35,7.52822581812151,61.3187804637225,5.03872690108074,8.42,-3.92594539867631,11403.2840038694,53.79,13.46,1
BR,Brazil,2011,2616156606579.21,3.97442307944702,59.3416583034432,6.6364496221309,7.578,-3.19461785178244,13396.6263158041,55.37,14.21,1
BR,Brazil,2012,2465228293706.86,1.92117598509462,59.8494900003683,5.40349914036997,7.251,-3.75941536826245,12521.7238454434,57.93,12.65,1
BR,Brazil,2013,2472819362043.74,3.0048226702888,57.2284093842608,6.204310666401,7.071,-3.57422104702554,12458.8903396625,54.22,13.28,1
BR,Brazil,2014,2456043766032.38,0.503955740273241,58.4572711057739,6.32904015516138,6.755,-4.49883030905232,12274.9941630213,57.95,13.08,1
BR,Brazil,2015,1802211999456.42,-3.54576339347278,67.5375540307946,9.02990102416136,8.538,-3.5183920728161,8936.1955889444,71.08,17.57,1
BR,Brazil,2016,1795693265999.04,-3.2759169063211,73.4188038019563,8.73914352329393,11.58,-1.70011360207642,8836.28546025694,76.69,20.32,1
BR,Brazil,2017,2063514688805.78,1.32286905390815,83.6692026491606,3.44637335032669,12.792,-1.22429942889483,10080.5078722821,82.35,16.24,1
BR,Brazil,2018,1916933708352.71,1.78366676137003,86.6078841212333,3.66485028376728,12.329,-2.80752036371843,9300.66072904004,84.82,15.99,1
BR,Brazil,2019,1873288158838.63,1.22077782271943,92.5652531951269,3.73297621216893,11.936,-3.41429111497121,9029.83304401079,91.34,15.67,1
BR,Brazil,2020,1476107292151.95,-3.27675879612903,98.7098819471851,3.21176803803376,13.697,-1.64103535066212,7074.19407495707,101.99,16.91,1
BR,Brazil,2021,1670647464062.96,4.7626043797061,85.011503676948,8.30165975585673,13.158,-2.35822088025659,7972.53696080695,80.25,21.46,1
BR,Brazil,2022,1951923832083.87,3.01669435408112,79.1023218880378,9.28010608956872,9.231,-2.14967710619443,9281.33282136864,76.09,18.51,1
BR,Brazil,2023,2191131869706.02,3.24165532813583,83.0317498523499,4.59356282283203,7.947,-1.23558182662996,10377.5897719195,79.79,12.54,1
BR,Brazil,2024,2185821648943.86,3.41931516597739,81.8554431189056,4.36746407652336,6.801,-3.02715961462093,10310.5488778166,78.44,11.17,1
BR,,2025,,,,,5.97,,,,,0
CN,China,2000,1223754919971.05,8.58643201808462,,0.347811226864586,3.26,1.67667411710879,969.199513696287,,3.61,0
CN,China,2001,1355036590251.52,8.31263887091522,,0.719125609120113,3.8,1.28417196444636,1065.40597574519,,4.52,0
CN,China,2002,1489821682050.54,9.24339326638321,,-0.731970902350243,4.24,2.37759984341841,1163.55957673426,,3.51,0
CN,China,2003,1683903309843.85,10.1181928640117,,1.12760348729637,4.58,2.55665409110255,1306.97245408557,,5.71,0
CN,China,2004,1984196551300.44,10.1314073631003,,3.82463743108159,4.49,3.47450259619584,1530.92726215723,,8.31,0
CN,China,2005,2317551298052.05,11.458238455067,,1.7764140766757,4.52,5.71199843031159,1777.64496828464,,6.3,0
CN,China,2006,2791498472804.33,12.6746751655235,,1.64943099455859,4.43,8.30532573537482,2129.25696999613,,6.08,0
CN,China,2007,3604055822571.63,14.1499854947127,,4.81676767378834,4.35,9.79958953536146,2734.72709877693,,9.17,0
CN,China,2008,4667346414521.95,9.67024588602851,,5.92525137041091,4.59,9.0108699631763,3523.44302065213,,10.52,0
CN,China,2009,5189577094997.58,9.40269972778044,,-0.728165250932898,4.72,4.68740638141982,3898.24459158811,,3.99,0
CN,China,2010,6192564874453.29,10.5962719761682,,3.17532475269199,4.53,3.84025673415249,4629.24551710077,,7.71,0
CN,China,2011,7671757207851.29,9.4613358870736,,5.55389892257493,4.55,1.77399724587567,5703.76027973346,,10.1,0
CN,China,2012,8673664713189.24,7.85617427055587,,2.6195243264554,4.58,2.48328422404793,6405.0574241349,,7.2,0
CN,China,2013,9743124247267.24,7.77872409446717,,2.62105001748114,4.6,1.52111320885029,7147.03518622344,,7.22,0
CN,China,2014,10674533168257.4,7.46190028229434,,1.9216416278852,4.63,2.21130586371267,7781.06597484974,,6.55,0
CN,China,2015,11280814787468.9,6.97878002657477,,1.43702380935654,4.65,2.59752794949746,8175.33285077393,,6.09,0
CN,China,2016,11456024084962.0,6.77555562837017,,2.00000182191943,4.56,1.67018709565351,8254.86859320357,,6.56,0
CN,China,2017,12537559062282.9,6.8912663621211,,1.59313600071435,4.47,1.50488723669315,8979.67652709856,,6.06,0
CN,China,2018,14147765772963.8,6.75671800166833,,2.07479039965576,4.31,0.170563391928727,10085.6638148819,,6.38,0
CN,China,2019,14560167101283.4,6.06850235053705,,2.89923416358226,4.56,0.706790487310518,10342.9009524335,,7.46,0
CN,China,2020,14996414166715.1,2.34018843078414,,2.41942189457782,5.0,1.65930095801393,10627.4637989619,,7.42,0
CN,China,2021,18201698719564.0,8.57008513166322,,0.981015135544881,4.55,1.93875176197337,12887.4357242941,,5.53,0
CN,China,2022,18316765021690.2,3.1341888719577,,1.9735755573905,4.98,2.42059259149418,12970.6056414327,,6.95,0
CN,China,2023,18270356654533.2,5.41484330099675,,0.23483682889305,4.67,1.4415829879426,12951.1782397043,,4.9,0
CN,China,2024,18743803170827.2,4.9773565917572,,0.218128938439177,4.59,2.2616499482671,13303.1481543868,,4.81,0
CN,,2025,,,,,4.615,,,,,0
DE,Germany,2000,1966980701145.1,2.8765231247659,,1.44026838719741,7.917,-1.5131310276989,23925.8559901991,,9.36,1
DE,Germany,2001,1966381496641.73,1.63614170690956,,1.98385731334471,7.773,-0.17042466008937,23878.3641471651,,9.76,1
DE,Germany,2002,2102350798305.89,-0.228255715793637,,1.42080615551526,8.482,1.98424702046954,25486.5942008748,,9.9,0
DE,Germany,2003,2534715518349.01,-0.529801394291297,,1.03422218628562,9.779,1.53250948753762,30711.1022511331,,10.81,0
DE,Germany,2004,2852317768061.78,1.16208684507278,,1.66573696655991,10.727,4.53374240243277,34566.7359143735,,12.39,0
DE,Germany,2005,2893393187361.87,0.885485292551564,,1.54691114751328,11.193,4.64324145764122,35084.4363546269,,12.74,0
DE,Germany,2006,3046308753670.58,3.86668241523209,,1.57742642840563,10.277,5.83661726884204,36980.3349948954,,11.85,0
DE,Germany,2007,3484056680854.91,2.8891174138025,,2.2983440070095,8.732,6.70574096490579,42350.9217211489,,11.03,0
DE,Germany,2008,3808197720125.0,0.887902330743628,,2.62837981637219,7.508,5.57767610595061,46379.1647953479,,10.14,0
DE,Germany,2009,3478545516683.59,-5.54455451920674,,0.312739007368446,7.88,5.87627948005071,42471.8868625226,,8.19,0
DE,Germany,2010,3467093769666.67,4.13463778522758,,1.1038103778926,7.043,5.77277636027696,42396.9665976293,,8.15,0
DE,Germany,2011,3823575803793.78,3.75796884489337,,2.07517283735874,5.967,6.26091712383114,47630.9761883572,,8.04,0
DE,Germany,2012,3596483233406.25,0.463512036709204,,2.00848884782956,5.372,7.19554460437767,44718.0159214069,,7.38,0
DE,Germany,2013,3807023797050.99,0.396995583779145,,1.50472330251876,5.316,6.72910853583547,47206.8353514242,,6.82,0
DE,Germany,2014,3964870735760.77,2.18018602168017,,0.906794000434245,4.979,7.19417703303447,48959.5991203133,,5.89,0
DE,Germany,2015,3425099578746.09,1.66300602334775,,0.514426137125456,4.612,8.09671429040111,41929.7549110722,,5.13,0
DE,Germany,2016,3536787895179.0,2.22222216259371,,0.491747008445174,4.104,8.9023603683727,42948.9381932694,,4.6,0
DE,Germany,2017,3765351626105.89,2.797906720551,,1.50949485109628,3.781,8.07873526112888,45553.9341495339,,5.29,0
DE,Germany,2018,4055433215301.96,1.13569604599849,,1.73216879766941,3.384,8.43761219902204,48916.1686612154,,5.12,0
DE,Germany,2019,3959894794039.21,0.977734697038784,,1.44565976888253,3.163,7.87471222403171,47656.199739747,,4.61,0
DE,Germany,2020,3941398957073.94,-4.13191443239947,,0.144877925813981,3.881,6.34782686016016,47394.8734504469,,4.03,0
DE,Germany,2021,4355251953410.78,3.90999994204108,,3.06666666666673,3.594,6.9200696637534,52349.2459994422,,6.66,0
DE,Germany,2022,4201021706478.62,1.8092581243061,,6.87257438551096,3.137,3.85045627175846,50506.5179638543,,10.01,0
DE,Germany,2023,4562207532490.28,-0.869647578573321,,5.94643667725823,3.071,5.51222510245724,54776.7668235491,,9.02,0
DE,Germany,2024,4685592577804.69,-0.495851897260366,,2.2564981433876,3.4,5.81156126321154,56103.7323182554,,5.66,0
DE,,2025,,,,,3.711,,,,,0
GB,United Kingdom,2000,1671597821152.97,4.52438074810904,87.284376049437,1.18295624210408,5.558,-1.80322397590519,28383.8761094996,82.76,6.74,1
GB,United Kingdom,2001,1656171009068.66,2.39102229602824,84.04178204707,1.53234960272418,4.696,-1.75946787442188,28013.8729635508,81.65,6.23,1
GB,United Kingdom,2002,1790536570743.41,1.70902736258567,86.1686223366587,1.52040245947455,5.037,-1.96774674220137,30158.7017807858,84.46,6.56,1
GB,United Kingdom,2003,2061227755102.04,3.21851612669614,86.4073086616893,1.37650038542013,4.807,-1.82204886055783,34556.7726095905,83.19,6.18,1
GB,United Kingdom,2004,2429774807762.72,2.32601853325993,90.2045973945536,1.39039756680422,4.594,-2.28435751976608,40504.4118103928,87.88,5.98,1
GB,United Kingdom,2005,2551361818181.82,2.7906547174688,91.8639528693767,2.0891364902507,4.884,-1.97517731781616,42240.2462987547,89.07,6.97,1
GB,United Kingdom,2006,2719558417663.29,2.18982132415704,91.788062892401,2.4556616643929,5.472,-3.10941980167091,44695.161023424,89.6,7.93,1
GB,United Kingdom,2007,3104699879951.98,2.93091133582351,93.3735852072108,2.38656150773327,5.399,-3.71636602944722,50629.0799172887,90.44,7.79,1
GB,United Kingdom,2008,2945251838235.29,-0.0494116727402769,104.84023075526,3.52140856342539,5.748,-3.86567706212854,47652.4030691881,104.89,9.27,1
GB,United Kingdom,2009,2429358155475.93,-4.58740819226323,122.887383328898,1.96173173560109,7.683,-3.01852853421921,39009.3715547821,127.47,9.64,1
GB,United Kingdom,2010,2496740681057.14,2.26054460931586,130.497283454602,2.49265472467065,7.973,-2.75934253189813,39778.3220528565,128.24,10.47,1
GB,United Kingdom,2011,2675590034128.66,0.851437739020326,143.125971214621,3.8561124468282,8.195,-1.6237867474026,42295.9273835322,142.27,12.05,1
GB,United Kingdom,2012,2719715961539.83,1.52826034721852,146.371335905972,2.5732347965453,8.279,-3.13257837481106,42688.3263728372,144.84,10.85,1
GB,United Kingdom,2013,2796908333283.39,1.71846961308464,141.033172505075,2.29166666666659,7.752,-4.63114682704937,43606.9837896348,139.31,10.04,1
GB,United Kingdom,2014,3085362169410.29,3.16017351468152,149.584281299965,1.45112016293279,6.398,-4.97786981840051,47746.2421759562,146.42,7.85,1
GB,United Kingdom,2015,2945579890258.46,2.14040560033371,147.063146778865,0.36804684232536,5.552,-4.91700489264854,45255.3449216209,144.92,5.92,1
GB,United Kingdom,2016,2706807606538.73,2.20652020635357,155.581504971929,1.0084173681141,4.909,-5.46283821927875,41257.9085545556,153.37,5.92,1
GB,United Kingdom,2017,2699118387873.1,3.02322219840339,160.141177233502,2.55775577557747,4.501,-3.47326460218152,40916.8115070354,157.12,7.06,1
GB,United Kingdom,2018,2897028009916.05,1.55133095078786,156.766820519267,2.29283990345938,4.145,-3.88728858372976,43702.9976303165,155.22,6.44,1
GB,United Kingdom,2019,2875710080015.3,1.25629899760824,158.972569875821,1.73810460086513,3.657,-2.66245642145608,43158.7411267323,157.72,5.4,1
GB,United Kingdom,2020,2724001478304.59,-10.047896637362,194.682828796265,0.989486703772491,4.472,-2.92883387550298,40812.6794663879,204.73,5.46,1
GB,United Kingdom,2021,3194559188925.93,8.5431118453255,183.804848939919,2.51837109614213,4.864,-0.752836357784011,47691.3768799404,175.26,7.38,1
GB,United Kingdom,2022,3181244350465.41,5.14970388522993,138.215904304967,7.92204883147902,3.768,-2.06737101121871,47057.043229179,133.07,11.69,1
GB,United Kingdom,2023,3420796653789.08,0.271650048355255,136.142431919028,6.79396706793963,4.025,-3.57676183842871,49944.4702124201,135.87,10.82,1
GB,United Kingdom,2024,3686033044482.13,1.1264226705118,131.073062954793,3.2715729463592,4.361,-2.98180220382834,53246.3676145108,129.95,7.63,1
GB,,2025,,,,,4.746,,,,,0
GR,Greece,2000,125760166224.805,4.13782699405849,,3.15118162493827,11.345,-7.80647954386925,11638.2010697215,,14.5,1
GR,Greece,2001,132050474720.03,4.65041459442163,,3.37396832213865,10.764,-7.1208377005018,12156.9572824221,,14.14,1
GR,Greece,2002,150253800085.865,4.68313727063017,,3.62935871878874,10.346,-6.38625728965696,13782.195640943,,13.98,1
GR,Greece,2003,196930509813.384,5.79682274294369,,3.53065027765554,9.839,-6.5062606053612,18020.612039764,,13.37,1
GR,Greece,2004,234979615898.225,5.37786634595851,,2.89884810758167,10.628,-5.74201400267067,21449.2552764245,,13.53,1
GR,Greece,2005,242315668619.405,1.18350635493289,,3.5450727333508,10.074,-7.51860335220303,22054.1315756886,,13.62,1
GR,Greece,2006,269073415333.676,6.44339762487436,,3.19594684144543,8.906,-10.9919390863756,24416.0232970275,,12.1,1
GR,Greece,2007,314226996944.108,3.50686976639459,,2.89500321516578,8.351,-14.1869570945957,28440.7625328955,,11.25,1
GR,Greece,2008,351121399546.485,0.0574740238200775,,4.1527970811029,7.664,-14.6094922064777,31695.8331092209,,11.82,1
GR,Greece,2009,326829054686.306,-4.11927606715011,,1.21007269197809,9.546,-10.9982860428605,29425.4573200263,,10.76,1
GR,Greece,2010,296417644404.034,-5.6937412158003,,4.71298907760395,12.719,-10.2094499511211,26653.0488008626,,17.43,1
GR,Greece,2011,283228079776.041,-9.87677875300243,,3.3298532335065,17.973,-10.0976272377955,25504.7866510124,,21.3,1
GR,Greece,2012,238841140018.233,-8.33113421099992,,1.50152696177758,24.731,-2.58418506053025,21624.346052551,,26.23,1
GR,Greece,2013,236556279640.705,-2.27211699888024,,-0.921269454256899,27.686,-2.13029886404193,21573.3449762805,,26.76,1
GR,Greece,2014,233911581521.062,0.792225060962835,,-1.31226096405525,26.708,-1.43786972023484,21474.7257123892,,25.4,1
GR,Greece,2015,194567373678.099,-0.228301892172851,,-1.73588804765275,24.981,-1.5031156236834,17980.7298238137,,23.25,1
GR,Greece,2016,193097239005.87,-0.0317947678412054,,-0.825653978391033,23.514,-2.30350655253683,17919.2426377048,,22.69,1
GR,Greece,2017,200381103984.298,1.47312472702352,,1.12125452031425,21.413,-2.38344142611836,18631.9930129293,,22.53,1
GR,Greece,2018,213298873494.394,2.06467207892409,,0.62562141345364,19.179,-3.55679128954824,19873.4015238771,,19.8,1
GR,Greece,2019,207305649887.019,2.27718065334808,,0.253007522038059,17.045,-2.11808020939794,19335.3602002969,,17.3,1
GR,Greece,2020,191362985554.861,-9.19623149726978,,-1.24798355581405,15.899,-7.12181074881181,17886.733165236,,14.65,1
GR,Greece,2021,218303801895.326,8.65449786002131,,1.22382501019854,14.656,-7.1523233874729,20654.7001960815,,15.88,1
GR,Greece,2022,217990189600.69,5.52198580589408,,9.64525981280642,12.426,-10.8779875356728,20886.5243087629,,22.07,1
GR,Greece,2023,242946187738.269,2.13591131996631,,3.46480128513405,11.023,-6.77841375377555,23343.7103964562,,14.49,1
GR,Greece,2024,256238371778.118,2.0865743380603,,2.74101875679477,10.02,-7.10950344070576,24626.1481858973,,12.76,1
GR,,2025,,,,,8.54,,,,,0
IN,India,2000,468395521654.458,3.84099115659129,55.0042464964554,4.0094359104519,7.589,-0.982342580017137,442.750218937263,51.16,11.6,1
IN,India,2001,485440139204.171,4.82396626555771,59.0179097968845,3.77929312235637,7.611,0.290495460210206,450.357900514128,54.19,11.39,0
IN,India,2002,514939140318.756,3.80397532112175,62.5527712945573,4.29715203929563,7.681,1.37093793900847,469.149928973927,58.75,11.98,0
IN,India,2003,607700687237.318,7.8603814759073,62.1900538960464,3.80585899528851,7.633,1.44355773291234,544.143133545002,54.33,11.44,0
IN,India,2004,709152728830.775,7.92293661199932,62.5929767433885,3.76725173477515,7.598,0.110018010197154,624.258826510066,54.67,11.37,0
IN,India,2005,820383763511.445,7.92343062148318,62.2265261001737,4.24634362031922,7.551,-1.25350400207393,710.488080408949,54.3,11.8,1
IN,India,2006,940259888787.721,8.06073257166651,59.6667302762217,5.79652337561634,7.553,-0.988988302952292,801.668353659022,51.61,13.35,1
IN,India,2007,1216736438834.96,7.6608150670107,57.4975363892468,6.37288135593231,7.562,-0.663717648772608,1021.88707706826,49.84,13.93,1
IN,India,2008,1198895139005.92,3.08669805921981,57.2922142809949,8.34926704907581,7.629,-2.58337749259837,992.519584923828,54.21,15.98,1
IN,India,2009,1341888016994.9,7.86188883286074,55.2564461117969,10.8823529411764,7.636,-1.95146209111801,1094.94974598436,47.39,18.52,1
IN,India,2010,1675615519484.96,8.49758470221235,51.5919103003897,11.9893899204244,7.631,-3.25348368945179,1347.51939071367,43.09,19.62,1
IN,India,2011,1823051829894.55,5.24131619937695,51.5565536600977,8.91179336483371,7.609,-3.42928468606061,1445.46127486037,46.32,16.52,1
IN,India,2012,1827637590410.41,5.45638755166587,50.6780305618952,9.47899691419801,7.645,-5.00488971805303,1429.32199520032,45.22,17.12,1
IN,India,2013,1856721507621.58,6.38610640094825,50.3118273627008,10.0178784746102,7.678,-2.64566711733892,1432.84397512195,43.93,17.7,1
IN,India,2014,2039126479154.52,7.41022760508854,49.9009248748319,6.66565671867899,7.656,-1.33950896483452,1553.88396075118,42.49,14.32,1
IN,India,2015,2103588360044.94,7.99625378571471,49.9647183856551,4.90697344127256,7.629,-1.06754907167964,1583.99815907985,41.97,12.54,1
IN,India,2016,2294796885663.16,8.25630550179086,47.6337555915272,4.94821634062141,7.611,-0.527880606037518,1707.50892912243,39.38,12.56,1
IN,India,2017,2651474262755.45,6.79538341897911,47.5836093800197,3.32817337461298,7.626,-1.43948820320988,1950.10468280866,40.79,10.95,1
IN,India,2018,2702929641648.74,6.45385134497769,46.5224986659322,3.9388264669163,7.652,-2.42697545810527,1966.25455171679,40.07,11.59,1
IN,India,2019,2835606256558.19,3.87143694070356,,3.72950573539129,6.51,-1.04961203910072,2041.42863698585,,10.24,1
IN,India,2020,2674851578587.27,-5.77772470686801,,6.62343677628535,7.859,1.22362111042791,1907.04251637669,,14.48,0
IN,India,2021,3167270623260.47,9.68959249192875,,5.13140747176369,6.38,-1.05524166809383,2239.61384367482,,11.51,1
IN,India,2022,3346107287730.93,7.60936497768895,,6.69903414079852,4.822,-2.36247481487452,2347.44829434623,,11.52,1
IN,India,2023,3638489096033.86,9.19075493028345,,5.64914318907925,4.172,-0.878262847208682,2530.12031278204,,9.82,1
IN,India,2024,3909891533858.08,6.49476552383821,,4.95303550973656,4.173,-0.818831370412112,2694.73780859961,,9.13,1
IN,,2025,,,,,4.219,,,,,0
JP,Japan,2000,4968359075956.59,2.76464755136783,,-0.676578683595175,4.748,2.63045548903537,39169.3595701504,,4.07,0
JP,Japan,2001,4374711694090.87,0.386103426142029,,-0.740055504162738,5.02,1.97087092323799,34406.1824638092,,4.28,0
JP,Japan,2002,4182846045873.61,0.0419624992862282,,-0.923494026942321,5.386,2.60256520794996,32820.7936433254,,4.46,0
JP,Japan,2003,4519561645253.53,1.53512549946694,,-0.256541816316025,5.251,3.08393890811206,35387.0374203599,,4.99,0
JP,Japan,2004,4893116005656.56,2.18611569439318,,-0.00857338820310272,4.734,3.71938350458583,38298.9801712303,,4.73,0
JP,Japan,2005,4831467035389.8,1.80390087215821,,-0.282946068764391,4.446,3.52114065640565,37812.8950199948,,4.16,0
JP,Japan,2006,4601663122649.92,1.3723501275831,,0.249355116079085,4.192,3.79586172862875,35991.546002862,,4.44,0
JP,Japan,2007,4579750920354.81,1.48396941157472,,0.060039454498669,3.888,4.62330048259254,35779.0245416427,,3.95,0
JP,Japan,2008,5106679115127.3,-1.22428900061713,,1.3800788616492,4.002,2.78294234789654,39876.3039685725,,5.38,0
JP,Japan,2009,5289493117993.89,-5.69323635892741,,-1.35283672951719,5.068,2.75409583494434,41308.9968370512,,3.72,0
JP,Japan,2010,5759071769013.11,4.09791791943181,,-0.728243207517779,5.102,3.83547896264375,44968.1562349739,,4.37,0
JP,Japan,2011,6233147172341.35,0.0238095237995424,,-0.27245561610124,4.55,2.07915328846556,48760.0789494211,,4.28,0
JP,Japan,2012,6272362996105.03,1.37475099905274,,-0.0440645104432602,4.358,0.958442611412039,49145.2804308193,,4.31,0
JP,Japan,2013,5212328181166.18,2.00510017681211,,0.335037912184741,4.038,0.889785415808861,40898.6478964744,,4.37,0
JP,Japan,2014,4896994405353.29,0.296205514141889,,2.75922671353253,3.589,0.742322049627636,38475.3952461838,,6.35,0
JP,Japan,2015,4444930651964.18,1.56062669680782,,0.795279630579839,3.385,3.07027965906978,34960.6393843385,,4.18,0
JP,Japan,2016,5003677627544.24,0.753826745789127,,-0.127258844489754,3.132,3.93809128404803,39375.4731620781,,3.0,0
JP,Japan,2017,4930837369151.42,1.67533175173359,,0.484199796126385,2.822,4.12036966283799,38834.0529341227,,3.31,0
JP,Japan,2018,5040880939324.86,0.643391023533141,,0.989094598021848,2.467,3.51661817468288,39751.1330982711,,3.46,0
JP,Japan,2019,5117993853016.51,-0.402169200894946,,0.46877615938395,2.351,3.45076611445327,40415.9567649547,,2.82,0
JP,Japan,2020,5054068005376.28,-4.16876457146743,,-0.024995834027731,2.809,2.96847858242383,40028.7341726762,,2.78,0
JP,Japan,2021,5039148168861.22,2.69657404187188,,-0.233352779398264,2.808,3.89996604353178,40094.5599795288,,2.57,0
JP,Japan,2022,4262463317796.53,0.941998775483285,,2.49770278172255,2.614,2.11637961936876,34065.6438962526,,5.11,0
JP,Japan,2023,4213167237905.83,1.47503481053384,,3.26813365933163,2.6,3.72552370226115,33836.1756271617,,5.87,0
JP,Japan,2024,4027597523550.58,0.104309021773304,,2.73853681635241,2.5,4.71136516065292,32487.0778047567,,5.24,0
JP,,2025,,,,,2.451,,,,,0
MX,Mexico,2000,742061329749.127,5.02928399378261,18.1918633340197,9.49156149435403,2.646,-2.52707170138346,7524.0271380091,13.16,12.14,1
MX,Mexico,2001,796064590549.136,-0.450845253215945,,6.36773806235037,2.627,-2.23003398954777,7952.76479510706,,8.99,1
MX,Mexico,2002,810666116401.915,-0.236588001922641,,5.03072733151295,3.003,-1.52936520808687,7983.03398381759,,8.03,1
MX,Mexico,2003,765549967703.273,1.18554486709559,,4.54690012118718,3.455,-0.526761129661888,7434.0746485155,,8.0,1
MX,Mexico,2004,819459227375.022,3.56544100946846,,4.68840884843143,3.937,-0.464775659455354,7849.66759649565,,8.63,1
MX,Mexico,2005,917571853529.104,2.11324712586392,,3.98805714597437,3.558,-0.623534401583354,8671.75891885163,,7.55,1
MX,Mexico,2006,1020265057882.01,4.80501352746852,,3.62946762439132,3.566,-0.316555541136008,9512.63575346699,,7.2,1
MX,Mexico,2007,1102355554971.95,2.07786393438754,,3.96684905458235,3.628,-0.844640815298196,10134.3327138119,,7.59,1
MX,Mexico,2008,1161553459715.1,0.943331863036903,,5.12498274575896,3.874,-1.40680860965349,10523.7685403244,,9.0,1
MX,Mexico,2009,943437415024.633,-6.29525055780502,,5.29735584228856,5.356,-0.750921220758988,8423.56933214711,,10.65,1
MX,Mexico,2010,1105424238731.09,4.9713345832195,,4.15672722680174,5.303,-0.339592498650934,9728.80078377082,,9.46,1
MX,Mexico,2011,1229013703416.76,3.44404505794418,,3.40737824605742,5.175,-0.857892612318958,10664.4944032313,,8.58,1
MX,Mexico,2012,1255110424817.79,3.55321075993527,,4.11150981070289,4.892,-1.40984864750596,10744.1335242686,,9.0,1
MX,Mexico,2013,1327436290282.67,0.852101559410627,,3.80639069747204,4.921,-2.39396960197863,11216.8008505428,,8.73,1
MX,Mexico,2014,1364507717614.13,2.50376350288664,,4.01861608078679,4.819,-1.82131927662925,11391.3773497683,,8.84,1
MX,Mexico,2015,1213294467716.88,2.70232342550646,,2.72064064964023,4.311,-2.59917628210589,10021.2386118827,,7.03,1
MX,Mexico,2016,1112233497452.7,1.77249323845399,,2.8217078474766,3.853,-2.27311198277187,9097.92397674769,,6.67,1
MX,Mexico,2017,1190721475906.0,1.87172853327193,,6.04145724018986,3.419,-1.79746290774801,9649.27816772402,,9.46,1
MX,Mexico,2018,1256300182879.73,1.97208209405635,,4.89935015356551,3.275,-2.06414074457574,10084.7937562021,,8.17,1
MX,Mexico,2019,1304106203902.45,-0.392690505066824,41.3273940627237,3.63596142127046,3.477,-0.296844402044544,10369.5553585271,41.72,7.11,1
MX,Mexico,2020,1121064767308.42,-8.35403458167995,45.8373464150183,3.39683415570006,4.44,2.39710320533218,8841.27075039868,54.19,7.84,0
MX,Mexico,2021,1316569466685.95,6.0484834621255,44.8609558065004,5.68920847683753,4.019,-0.340708629776388,10314.0506722115,38.81,9.71,1
MX,Mexico,2022,1466934724293.06,3.70975709163623,43.9694401566719,7.8962761916855,3.256,-1.27426718186171,11405.7940473759,40.26,11.15,1
MX,Mexico,2023,1798317581486.88,3.35354140652768,45.055380246523,5.52796087314389,2.765,-0.697558185892173,13860.9597809326,41.7,8.29,1
MX,Mexico,2024,1856365616165.94,1.42742769080466,49.5702123720928,4.72225588452932,2.678,-0.899378006983485,14185.7812248529,48.14,7.4,1
MX,,2025,,,,,2.673,,,,,0
TR,Turkiye,2000,274748463178.502,6.98528697817062,,54.9153705812683,6.495,-3.61057524589502,4199.3798635759,,61.41,1
TR,Turkiye,2001,202195080239.036,-5.45940838563062,,54.4001887619074,8.381,1.85959025093731,3052.2256706793,,62.78,0
TR,Turkiye,2002,240778008473.845,6.43550883793114,,44.964120947985,10.358,-0.259990521546323,3591.08628982587,,55.32,1
TR,Turkiye,2003,315392899922.379,5.79909321038525,,21.6024384490573,10.542,-2.39510781690365,4649.63668068586,,32.14,1
TR,Turkiye,2004,410156784495.948,9.92540551918624,,8.59826168115262,10.838,-3.46160310805252,5979.6054216148,,19.44,1
TR,Turkiye,2005,508314210212.544,9.11157745861635,,8.17916036802008,10.636,-4.12736838327371,7331.85429430255,,18.82,1
TR,Turkiye,2006,559668118237.002,7.06762607623939,,9.59724212288446,10.227,-5.5679426761279,7990.08251407245,,19.82,1
TR,Turkiye,2007,685228481017.03,5.10818513903604,,8.75618090972632,10.285,-5.39177822047968,9766.91734545294,,19.04,1
TR,Turkiye,2008,775415944332.866,0.920118221365883,41.0318813015611,10.4441283764885,10.965,-5.0844969449165,10913.4079047769,40.11,21.41,1
TR,Turkiye,2009,653894449921.288,-4.88269401706633,48.4871401208098,6.25097663090626,14.026,-1.73697758122388,9076.92472236977,53.37,20.28,1
TR,Turkiye,2010,782545664268.333,8.54219848467686,45.1797411840038,8.56644420552976,11.879,-5.70254261669491,10698.9699409757,36.64,20.45,1
TR,Turkiye,2011,844192507380.795,10.9799625273598,39.9693425323809,6.471879671151,9.789,-8.81351105932507,11373.6355760885,28.99,16.26,1
TR,Turkiye,2012,885327622479.052,4.80762696633448,37.6997174684634,8.89156996512163,9.21,-4.72096418758118,11776.7593362033,32.89,18.1,1
TR,Turkiye,2013,962167643588.925,8.48825689298511,31.7836465280795,7.49309030547693,9.713,-5.12686124176872,12635.5570016068,23.3,17.21,1
TR,Turkiye,2014,942343431928.654,4.60079447270559,31.1206735016751,8.85457271364316,9.901,-3.40746259930754,12209.3862327674,26.52,18.76,1
TR,Turkiye,2015,865460050683.656,5.80557386628684,29.145145266046,7.67085364845885,10.304,-2.46735825450658,11064.6494504662,23.34,17.97,1
TR,Turkiye,2016,870818016909.84,3.32366508200445,30.075201418508,7.7751341532833,10.899,-2.54530792537505,10984.3643169061,26.75,18.67,1
TR,Turkiye,2017,863874522365.276,7.82585730002594,29.5734179673603,11.1443110840764,10.919,-4.06783613710293,10756.3877677883,21.75,22.06,1
TR,Turkiye,2018,788356985773.667,3.46815306092219,29.3999927208091,16.3324638988929,10.956,-1.85233343060557,9684.11819884721,25.93,27.29,1
TR,Turkiye,2019,775853144222.613,1.30162365464503,33.4600744570718,15.1768215720022,13.73,1.9351600379275,9395.23378001368,32.16,28.91,0
TR,Turkiye,2020,733628247119.077,1.80306247087255,41.0396523893444,12.2789574462574,13.148,-4.22284721473811,8798.11791709313,39.24,25.43,1
TR,Turkiye,2021,839938668172.134,11.811094450607,41.6375124693568,19.5964926913324,11.969,-0.74064931592423,9981.76398411336,29.83,31.57,1
TR,Turkiye,2022,926097476913.818,5.44122511322401,35.3300843740665,72.3088359891207,10.465,-4.99763806227356,10897.8397861365,29.89,82.77,1
TR,Turkiye,2023,1141242864657.45,5.04512369812289,33.2548360254558,53.8594087593315,9.388,-3.63367003503212,13375.0947282864,28.21,63.25,1
TR,Turkiye,2024,1359123768774.12,3.3276230893799,26.6192344930079,58.5064507300342,8.8,-0.766008235540632,15892.7157287241,23.29,67.31,1
TR,,2025,,,,,8.52,,,,,0
US,United States,2000,10250947997000.0,4.07758575682804,33.2676548646821,3.37685727149929,3.992,-3.92088614748242,36329.9560727102,29.19,7.37,1
US,United States,2001,10581929774000.0,0.955538348341605,52.6288977430517,2.82617111885407,4.731,-3.72407498836611,37133.623113437,51.67,7.56,1
US,United States,2002,10929112955000.0,1.70044732643726,54.0472133861297,1.58603162650601,5.783,-4.17333961025019,37997.7596573051,52.35,7.37,1
US,United States,2003,11456442041000.0,2.79560596320081,56.4292821179909,2.27009497336115,5.989,-4.55898086099347,39490.2749557007,53.63,8.26,1
US,United States,2004,12217193198000.0,3.84777169556921,56.8323090866456,2.67723669309172,5.529,-5.20485343641858,41724.6316287624,52.98,8.21,1
US,United States,2005,13039199193000.0,3.48354993555606,56.6929754702153,3.3927468454955,5.084,-5.74598170416952,44123.4070679055,53.21,8.48,1
US,United States,2006,13815586948000.0,2.78453963650701,55.6206336286886,3.22594410070404,4.623,-5.91101922107059,46302.0008800056,52.84,7.85,1
US,United States,2007,14474226905000.0,2.00385829784946,55.81423486742,2.85267248150138,4.622,-5.08872774231253,48050.2237771135,53.81,7.47,1
US,United States,2008,14769857911000.0,0.113587249881704,63.9719356606883,3.839100296651,5.784,-4.71586121002055,48570.0459804586,63.86,9.62,1
US,United States,2009,14478064934000.0,-2.57650022958367,76.0321911124259,-0.355546266299747,9.254,-2.62283669627863,47194.9433547336,78.61,8.9,1
US,United States,2010,15048964444000.0,2.69519257744442,85.1548294082739,1.6400434423899,9.633,-2.87064270506825,48642.6100179312,82.46,11.27,1
US,United States,2011,15599728123000.0,1.56440685763506,89.7347177439651,3.156841568622,8.949,-2.91862137859132,50024.868799398,88.17,12.11,1
US,United States,2012,16253972230000.0,2.28911338669843,93.8330014607143,2.06933726526067,8.069,-2.57236812074952,51708.4011556577,91.54,10.14,1
US,United States,2013,16843190993000.0,2.11783009790057,95.7184835504169,1.46483265562717,7.375,-2.01538414033942,53179.0127634561,93.6,8.84,1
US,United States,2014,17550680174000.0,2.52381981363968,95.9491132711014,1.62222297740817,6.168,-2.10805505161045,54973.4207515712,93.43,7.79,1
US,United States,2015,18206020741000.0,2.94555045484053,96.6110565851958,0.118627135552451,5.28,-2.2434721228246,56572.9188996063,93.67,5.4,1
US,United States,2016,18695110842000.0,1.81945147788167,98.6931939368279,1.26158320570536,4.869,-2.11937229657855,57638.1018367192,96.87,6.13,1
US,United States,2017,19477336549000.0,2.45762229852507,97.8800564031882,2.13011000365961,4.355,-1.88739358215214,59635.0984397965,95.42,6.49,1
US,United States,2018,20533057312000.0,2.96650506901305,99.2223695206525,2.44258329692817,3.896,-2.13796218132331,62499.8744390068,96.26,6.34,1
US,United States,2019,21380976119000.0,2.58382533412825,100.979786328903,1.81221007526021,3.669,-2.06708055581828,64746.4506778863,98.4,5.48,1
US,United States,2020,21060473613000.0,-2.16302914036166,126.370405951231,1.23358439630629,8.055,-2.81809426941685,63515.9491807833,128.53,9.29,1
US,United States,2021,23315080560000.0,6.05505293244555,120.367733355153,4.69785886363742,5.349,-3.68274086718403,70205.050916026,114.31,10.05,1
US,United States,2022,25604848907611.0,2.51237531986017,114.694842004206,8.00279982052121,3.65,-3.87872626619871,76657.2488844403,112.18,11.65,1
US,United States,2023,27292170793214.4,2.88755600749487,116.918808847311,4.11633838374488,3.638,-3.40030482379486,81032.262117545,114.03,7.75,1
US,United States,2024,28750956130731.2,2.79300127716779,117.973234857902,2.94952520485207,4.022,-4.12262463415284,84534.0407841548,115.18,6.97,1
US,,2025,,,,,4.198,,,,,0
ZA,South Africa,2000,151752757215.309,4.20000000067826,39.6390583837328,5.33895913599828,22.788,-0.125570459653346,3217.84693448467,35.44,28.13,1
ZA,South Africa,2001,135429905922.526,2.70000000019104,,5.70189483049608,22.652,0.253001084795547,2847.15191945908,,28.35,0
ZA,South Africa,2002,129087556612.449,3.70037440406668,,9.494713780996,22.579,0.781937464700473,2688.23676032806,,32.07,0
ZA,South Africa,2003,197018965308.697,2.94907546754213,,5.67942414068799,22.679,-0.782449992267882,4062.21755993786,,28.36,1
ZA,South Africa,2004,255806908594.573,4.55455990721774,,-0.692039437857687,22.567,-2.50726120703613,5221.46333731721,,21.87,1
ZA,South Africa,2005,288867217196.534,5.27705197295467,,2.06285308223427,22.472,-2.7747758989594,5836.87663325127,,24.53,1
ZA,South Africa,2006,303858675363.643,5.60380645895889,,3.2439076541923,22.304,-4.00012427594728,6077.38293388876,,25.55,1
ZA,South Africa,2007,333077117253.684,5.36047405394162,,6.17781214809388,22.26,-4.86189160706926,6591.85535960564,,28.44,1
ZA,South Africa,2008,316131258616.309,3.1910438863288,,9.90998456005467,22.407,-5.18618108467679,6184.75474328399,,32.32,1
ZA,South Africa,2009,329754060647.129,-1.53808913525583,,7.23809523809527,23.523,-2.38458187361532,6374.70560042992,,30.76,1
ZA,South Africa,2010,417363822801.713,3.03973288127956,,4.06749555950263,24.683,-1.29901805615596,7973.47195771517,,28.75,1
ZA,South Africa,2011,458199494830.834,3.16855627858818,,5.0008533879502,24.639,-2.01967628513274,8646.05571071635,,29.64,1
ZA,South Africa,2012,434400545085.811,2.39623238465745,,5.73797139141739,24.727,-4.68373643403846,8076.97678479741,,30.46,1
ZA,South Africa,2013,400886013595.573,2.48546800826588,,5.78016910069176,24.561,-5.33837274756909,7331.65467384919,,30.34,1
ZA,South Africa,2014,381198869776.106,1.41382645223793,,6.13282953059149,24.89,-4.81243259488481,6856.73137092522,,31.02,1
ZA,South Africa,2015,346709790458.563,1.32186223678229,52.6511572360833,4.51869094892506,25.149,-4.31028688643788,6112.27382485974,51.33,29.67,1
ZA,South Africa,2016,323585509674.481,0.664552307858116,53.7387913884354,6.60290842394872,26.536,-2.63361451678797,5651.20585165749,53.07,33.14,1
ZA,South Africa,2017,381448814653.456,1.15794695181735,56.2597208390879,5.18618655524149,27.035,-2.37436753188649,6618.33508255701,55.1,32.22,1
ZA,South Africa,2018,405260723892.517,1.55678384721676,59.1023114070608,4.50987264867388,26.906,-3.00051939426576,6914.1780318076,57.55,31.42,1
ZA,South Africa,2019,389330032224.269,0.25993557687633,64.5892781351104,4.10285075461156,28.468,-2.61999067483039,6533.71121032856,64.33,32.57,1
ZA,South Africa,2020,337974655408.055,-6.1689177146757,75.7255090793216,3.23238831615113,29.217,2.00352275153333,5580.60383075189,81.89,32.45,0
ZA,South Africa,2021,419986284375.368,4.85864865060148,74.0826080051444,4.61874544887136,34.007,3.77241369345008,6828.75624590017,69.22,38.63,0
ZA,South Africa,2022,407596043067.885,2.05813661692193,76.205442941881,7.03987272546482,33.268,-0.29618259812743,6534.24867783397,74.15,40.31,1
ZA,South Africa,2023,381440724491.232,0.80610455095804,79.4469077095183,6.0752438457966,32.098,-1.10356312207881,6034.27208964673,78.64,38.17,1
ZA,South Africa,2024,401144998373.585,0.534843531905139,,4.36115246518962,32.279,-0.642799797075048,6267.186814093,,36.64,1
ZA,,2025,,,,,32.391,,,,,0
